RegionID,RegionName,SizeRank,2014-01,2014-02,2014-03,2014-04,2014-05,2014-06,2014-07,2014-08,2014-09,2014-10,2014-11,2014-12,2015-01,2015-02,2015-03,2015-04,2015-05,2015-06,2015-07,2015-08,2015-09,2015-10,2015-11,2015-12,2016-01,2016-02,2016-03,2016-04,2016-05,2016-06,2016-07,2016-08,2016-09,2016-10,2016-11,2016-12,2017-01,2017-02,2017-03,2017-04,2017-05,2017-06,2017-07,2017-08,2017-09,2017-10,2017-11,2017-12,2018-01,2018-02,2018-03,2018-04,2018-05,2018-06,2018-07,2018-08,2018-09,2018-10,2018-11,2018-12,2019-01,2019-02,2019-03,2019-04,2019-05,2019-06,2019-07,2019-08,2019-09,2019-10,2019-11,2019-12,2020-01,2020-02,2020-03,2020-04,2020-05,2020-06,2020-07,2020-08
102001,United States,0,1349,1354,1360,1365,1371,1376,1381,1387,1392,1398,1403,1409,1414,1419,1425,1430,1436,1441,1446,1452,1457,1462,1467,1472,1477,1482,1486,1491,1495,1499,1504,1507,1511,1515,1519,1523,1527,1530,1534,1537,1541,1544,1548,1552,1556,1559,1564,1568,1572,1577,1581,1586,1591,1595,1600,1605,1609,1614,1619,1623,1628,1632,1637,1641,1646,1651,1655,1660,1664,1668,1670,1673,1675,1677,1679,1680,1682,1684,1686,1687
394913,"New York, NY",1,2318,2327,2336,2345,2354,2363,2372,2381,2390,2399,2408,2417,2426,2435,2443,2452,2461,2469,2477,2485,2492,2499,2504,2510,2515,2520,2524,2528,2532,2536,2539,2543,2546,2549,2552,2555,2559,2561,2564,2567,2569,2571,2573,2575,2576,2578,2580,2582,2584,2587,2590,2593,2597,2600,2604,2608,2612,2616,2621,2625,2630,2635,2641,2646,2652,2658,2664,2669,2674,2679,2675,2672,2669,2664,2660,2655,2650,2645,2640,2633
753899,"Los Angeles-Long Beach-Anaheim, CA",2,1856,1869,1882,1894,1907,1920,1932,1945,1957,1970,1982,1994,2006,2017,2028,2040,2052,2064,2075,2088,2100,2112,2124,2136,2147,2158,2170,2181,2191,2201,2212,2221,2231,2241,2250,2260,2270,2279,2288,2297,2305,2314,2322,2330,2338,2346,2353,2361,2368,2376,2384,2392,2401,2409,2417,2425,2432,2440,2447,2454,2461,2467,2474,2480,2486,2493,2499,2504,2510,2516,2517,2519,2520,2522,2523,2524,2525,2526,2526,2527
394463,"Chicago, IL",3,1533,1537,1541,1545,1548,1552,1556,1559,1563,1567,1570,1574,1577,1582,1586,1590,1595,1599,1604,1609,1615,1620,1625,1630,1636,1640,1644,1648,1651,1654,1658,1661,1663,1666,1669,1672,1675,1677,1680,1682,1684,1687,1689,1691,1694,1696,1698,1700,1703,1705,1707,1710,1712,1715,1717,1720,1723,1726,1729,1732,1736,1739,1743,1747,1750,1754,1758,1761,1764,1767,1768,1768,1768,1768,1768,1768,1767,1767,1766,1765
394514,"Dallas-Fort Worth, TX",4,1221,1227,1233,1239,1245,1251,1257,1262,1268,1274,1280,1287,1293,1298,1304,1310,1315,1321,1326,1331,1336,1341,1346,1352,1357,1362,1368,1374,1379,1385,1391,1396,1402,1407,1412,1417,1422,1426,1431,1435,1439,1443,1447,1451,1455,1459,1462,1465,1469,1472,1476,1479,1483,1486,1490,1494,1498,1502,1506,1510,1514,1518,1521,1525,1529,1533,1536,1539,1543,1546,1548,1549,1551,1552,1554,1556,1557,1558,1560,1561
394974,"Philadelphia, PA",5,1370,1372,1374,1376,1379,1381,1383,1385,1388,1390,1393,1396,1399,1402,1405,1408,1412,1415,1419,1422,1426,1429,1432,1435,1438,1442,1445,1448,1452,1455,1459,1462,1466,1469,1471,1474,1476,1478,1480,1482,1484,1485,1487,1489,1491,1493,1496,1499,1502,1506,1510,1513,1518,1522,1526,1530,1534,1538,1542,1546,1550,1554,1558,1562,1565,1569,1573,1576,1580,1583,1585,1587,1589,1591,1593,1594,1596,1597,1599,1600
394692,"Houston, TX",6,1278,1289,1300,1311,1321,1331,1341,1351,1362,1372,1378,1385,1392,1397,1401,1405,1409,1413,1416,1419,1421,1423,1425,1426,1427,1427,1427,1428,1427,1427,1427,1426,1425,1424,1423,1422,1421,1421,1420,1420,1422,1423,1425,1428,1431,1434,1438,1443,1447,1450,1454,1458,1460,1462,1464,1464,1465,1466,1467,1468,1469,1470,1471,1472,1474,1475,1477,1478,1480,1481,1481,1481,1481,1481,1480,1480,1480,1479,1479,1479
395209,"Washington, DC",7,1891,1894,1897,1901,1904,1907,1910,1913,1917,1920,1923,1925,1928,1931,1933,1935,1939,1942,1945,1949,1953,1957,1960,1963,1966,1969,1971,1974,1975,1977,1979,1981,1983,1985,1987,1990,1992,1995,1997,2000,2002,2004,2006,2007,2009,2011,2013,2015,2018,2021,2025,2028,2032,2037,2041,2045,2049,2054,2058,2063,2067,2071,2075,2079,2084,2088,2092,2095,2099,2103,2102,2102,2102,2101,2101,2100,2099,2098,2098,2096
394856,"Miami-Fort Lauderdale, FL",8,1592,1599,1607,1614,1622,1629,1637,1644,1652,1659,1667,1675,1683,1690,1698,1705,1712,1720,1727,1734,1742,1749,1755,1761,1767,1772,1777,1782,1785,1789,1792,1795,1797,1799,1802,1804,1806,1808,1810,1812,1814,1816,1819,1821,1824,1827,1830,1834,1837,1841,1846,1850,1854,1858,1863,1867,1871,1875,1878,1881,1885,1888,1891,1894,1898,1901,1905,1908,1912,1916,1919,1921,1924,1926,1928,1931,1933,1935,1937,1939
394347,"Atlanta, GA",9,1154,1158,1161,1165,1169,1172,1176,1180,1183,1187,1192,1196,1200,1206,1211,1216,1222,1227,1232,1238,1243,1249,1255,1260,1266,1273,1279,1285,1292,1298,1305,1311,1317,1322,1328,1333,1338,1343,1348,1353,1359,1364,1370,1375,1381,1387,1393,1400,1406,1412,1419,1425,1433,1440,1447,1454,1462,1469,1476,1482,1489,1495,1500,1506,1510,1515,1519,1523,1528,1532,1535,1538,1542,1545,1549,1552,1556,1559,1562,1566
394404,"Boston, MA",10,2157,2163,2169,2174,2180,2186,2191,2197,2202,2208,2214,2220,2226,2232,2238,2244,2251,2257,2264,2272,2280,2288,2296,2304,2312,2319,2326,2334,2341,2348,2355,2362,2369,2376,2382,2388,2395,2401,2407,2413,2419,2424,2430,2435,2440,2445,2451,2456,2461,2467,2473,2479,2485,2491,2497,2503,2508,2514,2520,2527,2533,2539,2545,2551,2557,2564,2570,2576,2581,2587,2586,2585,2585,2583,2581,2580,2577,2575,2573,2570
395057,"San Francisco, CA",11,2180,2213,2246,2278,2311,2344,2376,2408,2441,2473,2504,2535,2566,2594,2622,2650,2674,2698,2723,2743,2764,2785,2801,2817,2833,2844,2854,2864,2869,2875,2880,2884,2888,2892,2897,2902,2907,2913,2920,2927,2935,2942,2950,2957,2965,2973,2980,2988,2995,3003,3012,3020,3030,3039,3049,3059,3068,3077,3086,3095,3104,3111,3119,3126,3133,3139,3145,3150,3156,3161,3159,3156,3153,3150,3146,3142,3137,3133,3128,3123
394532,"Detroit, MI",12,1012,1014,1017,1019,1022,1024,1026,1029,1031,1034,1036,1039,1041,1043,1046,1048,1050,1053,1056,1058,1061,1064,1066,1069,1072,1075,1077,1080,1083,1085,1088,1091,1093,1096,1099,1102,1104,1107,1110,1113,1116,1119,1122,1126,1129,1132,1136,1139,1143,1146,1150,1153,1157,1160,1164,1167,1171,1174,1177,1180,1183,1186,1189,1192,1195,1198,1200,1203,1205,1207,1209,1211,1213,1215,1217,1220,1222,1224,1226,1228
395025,"Riverside, CA",13,1439,1445,1450,1455,1460,1465,1470,1476,1481,1486,1492,1497,1503,1509,1515,1521,1527,1533,1540,1546,1552,1558,1565,1571,1578,1584,1591,1597,1604,1610,1617,1624,1631,1637,1645,1653,1660,1668,1676,1684,1692,1700,1708,1717,1725,1733,1741,1750,1758,1767,1775,1784,1792,1801,1809,1817,1824,1832,1840,1847,1854,1861,1868,1876,1883,1890,1898,1905,1912,1919,1927,1934,1941,1948,1955,1963,1970,1977,1984,1991
394976,"Phoenix, AZ",14,1012,1016,1021,1025,1030,1035,1039,1044,1049,1053,1058,1063,1068,1073,1078,1084,1089,1094,1099,1104,1110,1115,1120,1126,1131,1137,1143,1148,1154,1159,1165,1170,1175,1179,1184,1188,1193,1197,1201,1206,1209,1213,1217,1222,1226,1231,1236,1242,1248,1255,1262,1269,1277,1285,1293,1301,1310,1318,1326,1335,1343,1351,1360,1368,1377,1386,1395,1404,1413,1422,1428,1435,1441,1448,1454,1461,1467,1473,1479,1485
395078,"Seattle, WA",15,1386,1395,1405,1415,1425,1434,1444,1453,1463,1473,1482,1491,1501,1510,1519,1528,1537,1546,1555,1565,1575,1585,1595,1605,1616,1626,1636,1647,1657,1668,1678,1688,1699,1709,1719,1730,1740,1749,1759,1768,1775,1783,1790,1796,1802,1808,1813,1817,1822,1826,1831,1835,1840,1845,1850,1855,1860,1865,1872,1878,1884,1890,1896,1903,1910,1917,1925,1933,1940,1948,1951,1955,1958,1961,1964,1966,1969,1971,1974,1976
394865,"Minneapolis-St Paul, MN",16,1263,1266,1269,1272,1275,1278,1281,1284,1287,1290,1293,1297,1300,1303,1307,1310,1315,1319,1323,1328,1333,1337,1342,1346,1351,1355,1360,1365,1370,1375,1380,1385,1391,1396,1401,1406,1411,1415,1420,1425,1430,1435,1440,1445,1450,1455,1460,1464,1469,1474,1479,1484,1488,1493,1497,1502,1507,1512,1517,1522,1527,1531,1536,1541,1545,1549,1554,1558,1562,1567,1569,1571,1574,1576,1578,1580,1582,1585,1587,1589
395056,"San Diego, CA",17,1716,1727,1737,1748,1759,1770,1781,1792,1802,1813,1823,1833,1844,1853,1863,1873,1883,1892,1902,1911,1920,1930,1939,1949,1959,1969,1979,1989,1999,2008,2017,2026,2035,2044,2053,2062,2071,2080,2089,2098,2106,2115,2123,2131,2140,2148,2156,2164,2173,2182,2190,2199,2207,2216,2224,2231,2238,2245,2250,2256,2262,2267,2272,2277,2282,2288,2294,2299,2305,2310,2314,2317,2320,2323,2327,2330,2333,2336,2339,2342
395121,"St. Louis, MO",18,945,946,948,949,951,952,954,955,957,959,961,962,964,966,968,970,972,974,976,978,980,982,984,986,988,990,992,994,996,998,1000,1002,1004,1006,1008,1010,1012,1013,1015,1016,1018,1019,1020,1022,1023,1025,1027,1029,1031,1033,1036,1038,1040,1042,1045,1047,1049,1051,1053,1056,1058,1061,1064,1066,1070,1073,1076,1080,1083,1086,1089,1092,1094,1097,1099,1102,1105,1107,1110,1112
395148,"Tampa, FL",19,1164,1168,1172,1177,1181,1185,1190,1194,1198,1202,1207,1211,1216,1221,1225,1230,1235,1241,1246,1251,1256,1262,1267,1273,1279,1284,1290,1295,1300,1305,1310,1315,1320,1325,1329,1334,1338,1343,1348,1352,1357,1362,1368,1373,1379,1384,1390,1396,1402,1408,1413,1419,1424,1430,1435,1440,1444,1449,1454,1459,1463,1468,1473,1478,1483,1488,1493,1498,1503,1509,1513,1518,1522,1527,1531,1536,1540,1545,1549,1554
394358,"Baltimore, MD",20,1517,1522,1526,1531,1535,1539,1544,1548,1552,1556,1559,1562,1565,1568,1570,1572,1574,1576,1579,1581,1583,1586,1587,1589,1591,1591,1592,1593,1593,1593,1593,1593,1594,1594,1594,1595,1595,1596,1596,1597,1597,1598,1599,1600,1601,1602,1603,1605,1606,1608,1610,1611,1613,1615,1616,1618,1620,1622,1624,1627,1629,1631,1634,1636,1638,1641,1643,1645,1647,1648,1649,1649,1649,1649,1649,1649,1649,1649,1649,1649
394530,"Denver, CO",21,1249,1266,1282,1299,1316,1333,1349,1366,1382,1399,1414,1429,1444,1455,1467,1479,1489,1499,1509,1517,1526,1534,1542,1549,1557,1563,1569,1575,1579,1583,1587,1590,1594,1597,1601,1605,1609,1613,1618,1622,1627,1631,1636,1640,1645,1650,1654,1658,1662,1667,1672,1677,1683,1688,1693,1699,1704,1709,1714,1719,1724,1729,1733,1737,1741,1745,1749,1753,1756,1760,1761,1762,1762,1763,1764,1764,1765,1765,1766,1766
394982,"Pittsburgh, PA",22,,992,994,997,999,1001,1003,1006,1008,1010,1012,1014,1016,1017,1019,1020,1021,1023,1026,1028,1030,1032,1034,1035,1036,1037,1037,1038,1038,1039,1039,1039,1040,1041,1042,1043,1044,1045,1047,1048,1049,1051,1053,1054,1056,1058,1060,1062,1064,1067,1070,1074,1077,1081,1084,1087,1090,1093,1095,1098,1100,1103,1105,1108,1111,1114,1118,1121,1124,1127,1130,1132,1133,1135,1136,1138,1140,1141,1142,1143
394998,"Portland, OR",23,1176,1186,1197,1208,1218,1229,1240,1250,1261,1272,1282,1293,1304,1315,1326,1338,1349,1360,1372,1383,1394,1405,1415,1425,1436,1444,1452,1461,1467,1474,1481,1486,1492,1498,1502,1506,1511,1514,1518,1522,1525,1528,1531,1534,1537,1539,1542,1545,1548,1551,1554,1558,1561,1565,1569,1572,1576,1580,1584,1589,1593,1597,1601,1605,1609,1613,1617,1621,1625,1629,1631,1633,1635,1636,1638,1640,1642,1644,1646,1647
394458,"Charlotte, NC",24,1143,1147,1150,1153,1157,1160,1164,1167,1171,1174,1178,1182,1186,1191,1195,1200,1205,1211,1216,1222,1227,1233,1239,1245,1251,1257,1263,1269,1274,1279,1284,1289,1294,1298,1303,1307,1312,1316,1320,1324,1327,1331,1335,1339,1342,1346,1351,1355,1359,1364,1368,1373,1379,1384,1390,1395,1400,1406,1411,1416,1421,1426,1431,1436,1440,1445,1450,1455,1459,1464,1466,1468,1471,1473,1475,1477,1479,1481,1482,1484
395045,"Sacramento, CA",25,1232,1238,1244,1250,1256,1262,1269,1275,1281,1287,1293,1300,1306,1313,1321,1328,1335,1343,1351,1360,1369,1378,1387,1397,1407,1416,1426,1435,1445,1454,1464,1474,1483,1493,1503,1514,1524,1535,1546,1557,1567,1578,1588,1597,1607,1616,1624,1631,1639,1646,1653,1661,1668,1675,1682,1689,1697,1705,1712,1719,1727,1734,1741,1747,1754,1761,1767,1773,1779,1785,1790,1795,1801,1806,1812,1817,1822,1828,1833,1838
395055,"San Antonio, TX",26,1090,1093,1097,1100,1103,1107,1110,1113,1117,1120,1124,1127,1131,1135,1139,1143,1147,1151,1155,1158,1162,1166,1169,1173,1176,1180,1183,1187,1190,1194,1198,1201,1204,1208,1211,1214,1217,1219,1222,1224,1226,1228,1230,1232,1234,1237,1239,1241,1244,1247,1249,1252,1255,1259,1262,1265,1268,1271,1274,1277,1280,1283,1287,1290,1293,1297,1300,1303,1307,1310,1312,1313,1315,1316,1318,1320,1321,1322,1324,1325
394943,"Orlando, FL",27,1207,1211,1215,1219,1223,1227,1231,1235,1239,1243,1248,1252,1256,1261,1266,1271,1277,1282,1288,1293,1299,1304,1310,1316,1321,1327,1332,1337,1342,1348,1353,1358,1363,1368,1373,1378,1383,1389,1394,1400,1406,1412,1418,1426,1433,1440,1448,1456,1463,1471,1478,1485,1492,1498,1505,1510,1515,1521,1526,1531,1536,1540,1545,1549,1553,1558,1562,1565,1568,1572,1574,1575,1577,1578,1580,1582,1583,1585,1586,1588
394466,"Cincinnati, OH",28,,966,967,968,969,970,971,972,974,975,976,978,981,983,986,989,992,995,999,1002,1005,1009,1012,1015,1018,1020,1023,1026,1029,1033,1036,1039,1043,1046,1049,1053,1056,1059,1062,1065,1069,1072,1075,1078,1081,1084,1087,1091,1094,1098,1101,1105,1109,1114,1118,1122,1127,1132,1137,1142,1147,1152,1157,1162,1167,1171,1176,1180,1185,1189,1193,1197,1201,1204,1208,1212,1216,1220,1223,1227
394475,"Cleveland, OH",29,941,943,944,946,947,949,950,952,954,956,958,961,964,967,971,975,979,983,987,992,996,1000,1004,1008,1012,1014,1017,1019,1020,1020,1021,1019,1018,1017,1016,1015,1013,1013,1012,1012,1013,1014,1015,1017,1018,1020,1021,1023,1025,1027,1029,1031,1033,1035,1038,1040,1043,1046,1048,1051,1054,1056,1058,1060,1062,1063,1065,1067,1068,1070,1072,1074,1076,1078,1080,1082,1083,1085,1087,1089
394735,"Kansas City, MO",30,979,980,981,983,984,986,987,988,990,991,993,995,997,999,1001,1002,1005,1008,1011,1015,1018,1021,1024,1027,1030,1033,1036,1039,1042,1046,1049,1052,1055,1058,1061,1064,1067,1070,1073,1075,1078,1080,1083,1086,1088,1091,1093,1096,1099,1101,1104,1107,1109,1112,1114,1116,1119,1121,1123,1126,1128,1131,1133,1136,1138,1141,1144,1147,1151,1154,1158,1161,1165,1169,1172,1176,1180,1183,1187,1191
394775,"Las Vegas, NV",31,1066,1069,1072,1074,1077,1080,1082,1085,1088,1091,1094,1097,1100,1103,1107,1111,1115,1119,1123,1127,1132,1136,1140,1145,1149,1153,1158,1162,1166,1170,1174,1179,1183,1188,1192,1197,1202,1207,1212,1217,1222,1228,1233,1240,1246,1252,1259,1266,1273,1281,1288,1296,1304,1311,1319,1326,1333,1341,1348,1355,1363,1369,1376,1383,1389,1396,1402,1407,1412,1417,1419,1422,1425,1428,1430,1433,1436,1438,1441,1444
394492,"Columbus, OH",32,1015,1019,1022,1026,1029,1033,1037,1040,1044,1048,1052,1055,1059,1064,1068,1072,1077,1081,1086,1089,1093,1097,1100,1103,1106,1109,1111,1114,1116,1118,1120,1123,1126,1128,1132,1135,1138,1141,1145,1148,1151,1155,1158,1162,1166,1170,1174,1178,1182,1186,1190,1194,1198,1202,1206,1210,1214,1217,1221,1224,1228,1231,1234,1238,1241,1245,1248,1251,1254,1258,1261,1264,1268,1271,1275,1278,1281,1285,1288,1292
394705,"Indianapolis, IN",33,1006,1008,1011,1013,1015,1018,1020,1022,1025,1027,1029,1031,1033,1036,1038,1040,1042,1045,1048,1050,1052,1054,1057,1059,1061,1064,1066,1069,1070,1072,1074,1076,1078,1080,1082,1084,1086,1089,1091,1093,1096,1099,1101,1105,1108,1111,1114,1117,1120,1123,1126,1129,1132,1135,1138,1141,1144,1147,1150,1154,1158,1162,1167,1171,1175,1179,1184,1188,1192,1196,1201,1205,1209,1214,1218,1222,1227,1231,1235,1240
395059,"San Jose, CA",34,2096,2137,2179,2221,2261,2301,2341,2381,2420,2459,2491,2523,2554,2579,2604,2629,2652,2675,2697,2716,2735,2754,2768,2782,2795,2803,2810,2817,2820,2823,2826,2827,2829,2830,2833,2836,2838,2843,2847,2851,2858,2865,2871,2880,2888,2897,2907,2917,2927,2938,2949,2960,2971,2981,2992,3001,3011,3020,3029,3037,3045,3051,3057,3063,3069,3075,3080,3085,3090,3095,3092,3089,3085,3081,3077,3072,3067,3062,3057,3051
394355,"Austin, TX",35,1283,1289,1295,1301,1307,1312,1318,1324,1330,1336,1342,1348,1353,1359,1365,1371,1377,1383,1389,1395,1401,1406,1411,1416,1421,1424,1428,1432,1434,1437,1440,1442,1444,1446,1448,1450,1452,1453,1454,1456,1456,1457,1458,1458,1459,1460,1462,1464,1466,1470,1475,1479,1485,1490,1496,1501,1507,1513,1518,1523,1529,1533,1538,1543,1547,1552,1556,1561,1565,1569,1569,1569,1570,1570,1570,1570,1569,1569,1568,1568
395194,"Virginia Beach, VA",36,1204,1205,1207,1209,1210,1212,1213,1215,1216,1218,1219,1220,1221,1223,1224,1225,1226,1228,1229,1231,1232,1234,1235,1237,1238,1239,1240,1241,1242,1243,1243,1244,1245,1246,1247,1249,1250,1252,1253,1255,1257,1259,1260,1262,1264,1265,1267,1269,1271,1273,1275,1277,1279,1282,1284,1287,1289,1292,1295,1298,1301,1304,1307,1310,1314,1317,1320,1322,1325,1328,1330,1333,1335,1338,1341,1344,1346,1349,1352,1354
394902,"Nashville, TN",37,1196,1204,1213,1222,1231,1239,1248,1256,1265,1273,1281,1289,1297,1304,1310,1317,1324,1330,1337,1343,1350,1357,1364,1371,1378,1385,1392,1399,1405,1411,1417,1422,1428,1433,1437,1441,1445,1449,1452,1456,1459,1462,1465,1468,1470,1473,1476,1479,1481,1484,1487,1490,1492,1495,1498,1501,1505,1508,1512,1516,1520,1525,1530,1535,1541,1547,1553,1559,1565,1571,1574,1578,1582,1585,1589,1593,1596,1600,1603,1606
395005,"Providence, RI",38,1279,1281,1283,1285,1287,1290,1292,1295,1297,1300,1304,1307,1311,1316,1320,1325,1331,1337,1344,1350,1355,1361,1366,1372,1377,1382,1388,1393,1399,1405,1410,1416,1422,1428,1434,1440,1446,1451,1457,1463,1467,1472,1476,1480,1485,1489,1494,1499,1504,1508,1513,1517,1520,1524,1528,1531,1535,1538,1543,1547,1551,1555,1560,1564,1569,1573,1578,1582,1586,1591,1595,1600,1605,1610,1615,1620,1625,1630,1635,1641
394862,"Milwaukee, WI",39,941,946,950,954,958,962,965,969,973,977,979,981,984,986,988,990,992,994,996,998,1001,1003,1005,1007,1008,1010,1011,1012,1014,1015,1017,1018,1020,1021,1023,1024,1025,1026,1027,1028,1029,1030,1031,1033,1034,1036,1037,1039,1041,1042,1044,1046,1048,1050,1052,1054,1056,1058,1061,1063,1066,1068,1071,1073,1075,1077,1079,1081,1083,1085,1087,1089,1091,1093,1095,1097,1099,1101,1103,1105
394714,"Jacksonville, FL",40,1116,1118,1119,1120,1122,1123,1125,1126,1128,1129,1131,1133,1135,1138,1141,1144,1147,1150,1153,1156,1160,1163,1166,1170,1173,1176,1179,1182,1185,1188,1191,1195,1198,1201,1204,1208,1211,1216,1220,1224,1229,1233,1238,1243,1247,1252,1257,1262,1267,1272,1277,1283,1287,1292,1296,1301,1305,1310,1314,1318,1322,1326,1330,1334,1337,1341,1344,1348,1351,1354,1357,1361,1364,1367,1370,1373,1376,1379,1382,1386
394849,"Memphis, TN",41,1131,1132,1134,1136,1137,1139,1141,1142,1144,1146,1147,1149,1150,1151,1153,1154,1155,1157,1158,1160,1161,1163,1165,1166,1168,1170,1171,1173,1175,1177,1179,1180,1182,1184,1185,1187,1188,1190,1191,1193,1194,1196,1197,1200,1202,1204,1207,1210,1213,1217,1220,1224,1227,1230,1234,1237,1241,1244,1248,1251,1255,1258,1262,1265,1269,1273,1277,1282,1286,1291,1298,1305,1311,1319,1326,1333,1340,1348,1355,1363
394935,"Oklahoma City, OK",42,961,963,966,968,970,973,975,978,980,983,985,987,989,990,992,993,994,995,996,997,997,998,998,998,998,998,998,997,997,996,996,995,995,995,995,995,995,995,996,996,997,998,999,1000,1001,1002,1003,1004,1005,1006,1007,1009,1011,1013,1015,1018,1020,1023,1026,1030,1033,1036,1039,1042,1044,1047,1049,1051,1053,1054,1055,1056,1057,1057,1058,1059,1060,1060,1061,1062
394807,"Louisville-Jefferson County, KY",43,840,843,847,851,855,859,862,866,870,874,877,880,883,885,887,890,892,894,896,898,900,902,905,908,911,914,918,921,925,928,932,935,938,941,944,947,949,952,955,957,960,962,965,967,970,972,974,977,979,981,983,985,987,989,991,994,996,998,1000,1002,1004,1006,1008,1010,1012,1014,1016,1018,1020,1023,1025,1027,1029,1032,1034,1037,1039,1041,1044,1046
394669,"Hartford, CT",44,1194,1197,1201,1205,1208,1212,1215,1219,1222,1226,1229,1231,1234,1236,1238,1240,1243,1246,1249,1251,1254,1257,1260,1262,1265,1267,1269,1271,1273,1274,1276,1277,1279,1280,1282,1284,1286,1288,1290,1292,1294,1296,1298,1300,1302,1304,1306,1308,1310,1313,1316,1319,1323,1326,1329,1332,1335,1338,1341,1343,1346,1348,1350,1352,1354,1357,1359,1361,1364,1367,1370,1373,1377,1380,1384,1387,1391,1395,1398,1402
395022,"Richmond, VA",45,,1092,1093,1094,1096,1097,1098,1100,1101,1102,1104,1105,1107,1109,1111,1114,1116,1119,1122,1125,1127,1130,1133,1137,1140,1143,1147,1150,1153,1156,1158,1160,1163,1165,1167,1169,1172,1174,1176,1179,1181,1185,1188,1192,1196,1200,1204,1208,1212,1216,1220,1224,1228,1232,1235,1239,1242,1245,1249,1252,1255,1259,1262,1265,1269,1272,1275,1279,1282,1285,1289,1292,1295,1298,1301,1304,1307,1310,1313,1316
394910,"New Orleans, LA",46,1245,1250,1255,1260,1264,1269,1274,1279,1284,1289,1293,1298,1303,1307,1311,1315,1319,1323,1326,1329,1332,1335,1336,1338,1340,1340,1341,1342,1342,1343,1343,1344,1344,1345,1345,1346,1347,1348,1349,1350,1350,1351,1352,1354,1355,1357,1359,1361,1362,1364,1365,1366,1368,1369,1370,1371,1373,1374,1376,1378,1380,1383,1385,1388,1391,1394,1398,1401,1404,1407,1409,1411,1413,1415,1417,1418,1420,1422,1424,1425
394425,"Buffalo, NY",47,844,845,846,847,848,850,851,852,854,855,858,860,862,866,870,874,878,882,887,890,894,898,901,904,907,910,913,916,919,923,926,930,933,937,940,943,946,949,951,954,956,957,959,961,963,964,966,968,970,972,975,977,980,983,985,989,992,995,998,1002,1005,1008,1012,1015,1018,1020,1023,1026,1029,1032,1036,1040,1043,1047,1051,1054,1058,1062,1066,1069
395012,"Raleigh, NC",48,1230,1232,1235,1238,1241,1244,1246,1249,1252,1255,1258,1262,1265,1269,1273,1277,1280,1284,1287,1291,1294,1298,1302,1305,1309,1313,1317,1321,1325,1329,1333,1336,1339,1343,1346,1349,1352,1355,1358,1361,1364,1367,1370,1372,1375,1378,1381,1384,1387,1391,1394,1398,1401,1405,1409,1413,1417,1421,1426,1431,1435,1440,1445,1449,1454,1459,1464,1468,1471,1475,1477,1478,1480,1481,1483,1484,1485,1486,1488,1489
394388,"Birmingham, AL",49,961,963,965,967,969,971,973,975,977,979,981,982,984,986,988,990,992,995,997,999,1001,1002,1004,1005,1007,1008,1009,1010,1012,1013,1014,1015,1016,1017,1018,1019,1020,1023,1026,1029,1031,1034,1037,1039,1042,1044,1046,1048,1050,1051,1053,1054,1056,1058,1060,1064,1068,1072,1076,1080,1084,1088,1091,1095,1097,1100,1102,1104,1107,1109,1112,1116,1119,1122,1126,1129,1133,1136,1140,1143
395053,"Salt Lake City, UT",50,1084,1088,1093,1097,1101,1105,1110,1114,1118,1122,1126,1130,1133,1137,1140,1144,1148,1152,1156,1161,1166,1171,1176,1181,1186,1192,1197,1203,1207,1212,1217,1222,1226,1231,1236,1241,1246,1250,1255,1260,1265,1269,1274,1278,1283,1288,1294,1299,1305,1310,1315,1320,1326,1331,1337,1342,1347,1353,1358,1362,1367,1371,1376,1380,1384,1388,1392,1395,1398,1401,1402,1403,1404,1405,1406,1407,1408,1408,1409,1410
395031,"Rochester, NY",51,902,905,908,911,913,916,919,921,924,926,929,931,933,935,937,940,942,945,947,950,953,956,959,962,965,967,970,972,974,976,978,980,982,984,986,988,990,992,994,996,998,1000,1002,1005,1008,1010,1013,1016,1018,1021,1024,1027,1029,1032,1034,1036,1038,1041,1043,1045,1047,1049,1050,1051,1053,1054,1055,1058,1060,1062,1065,1068,1072,1075,1078,1081,1085,1088,1092,1095
394640,"Grand Rapids, MI",52,858,863,868,873,878,883,888,893,898,903,908,913,917,923,928,934,940,945,951,957,964,970,976,983,990,997,1003,1010,1016,1022,1029,1035,1041,1047,1052,1058,1063,1068,1073,1078,1082,1087,1091,1095,1100,1104,1108,1111,1115,1119,1122,1126,1130,1134,1138,1142,1147,1151,1156,1160,1165,1169,1174,1178,1183,1187,1192,1196,1200,1204,1207,1210,1213,1216,1219,1221,1224,1227,1230,1233
395167,"Tucson, AZ",53,974,974,975,976,977,977,978,979,980,980,981,982,983,985,986,987,989,991,992,994,996,998,1000,1002,1004,1006,1009,1011,1014,1017,1020,1023,1026,1030,1034,1038,1042,1046,1050,1053,1057,1061,1065,1069,1073,1078,1082,1087,1091,1097,1102,1107,1112,1118,1123,1129,1134,1139,1145,1151,1156,1162,1167,1173,1179,1184,1190,1195,1200,1205,1209,1213,1217,1221,1225,1229,1233,1238,1242,1246
753924,"Urban Honolulu, HI",54,1700,1720,1741,1761,1780,1800,1819,1838,1857,1876,1890,1904,1918,1927,1936,1945,1950,1956,1962,1966,1970,1974,1978,1982,1985,1989,1992,1996,1998,2001,2004,2006,2008,2010,2011,2013,2015,2016,2017,2018,2020,2021,2023,2024,2026,2027,2029,2031,2033,2036,2039,2042,2045,2048,2051,2054,2058,2061,2065,2068,2072,2075,2077,2080,2084,2087,2090,2093,2095,2098,2098,2098,2098,2098,2098,2097,2097,2097,2096,2095
395169,"Tulsa, OK",55,937,941,945,949,952,956,960,963,967,971,974,976,979,981,983,985,987,988,990,991,992,993,994,995,996,996,997,998,998,999,999,999,1000,1000,1000,1000,999,1000,1000,1000,1001,1001,1001,1002,1003,1004,1005,1006,1007,1008,1009,1011,1012,1013,1015,1016,1018,1020,1022,1024,1026,1029,1031,1034,1037,1040,1043,1047,1050,1053,1056,1059,1061,1064,1067,1070,1073,1076,1079,1082
394619,"Fresno, CA",56,1095,1098,1102,1105,1108,1111,1114,1117,1120,1123,1126,1128,1131,1134,1137,1140,1143,1147,1150,1154,1158,1162,1166,1171,1175,1179,1184,1188,1193,1197,1201,1205,1209,1214,1218,1223,1228,1233,1238,1243,1249,1254,1260,1265,1271,1276,1282,1287,1292,1298,1304,1310,1317,1323,1330,1337,1345,1352,1359,1366,1373,1380,1387,1394,1401,1408,1415,1423,1430,1437,1444,1450,1457,1464,1470,1477,1484,1490,1497,1503
395238,"Worcester, MA",57,1060,1065,1069,1074,1079,1084,1088,1093,1097,1102,1106,1110,1114,1117,1120,1123,1126,1130,1134,1137,1140,1143,1148,1152,1156,1162,1167,1173,1178,1183,1188,1194,1201,1207,1214,1221,1227,1233,1239,1244,1249,1255,1260,1265,1270,1275,1280,1286,1291,1297,1304,1310,1317,1324,1331,1337,1344,1350,1355,1361,1367,1372,1378,1384,1390,1397,1403,1410,1416,1423,1428,1433,1438,1443,1448,1453,1458,1463,1468,1473
394415,"Stamford, CT",58,1918,1925,1932,1940,1947,1953,1960,1967,1974,1981,1987,1992,1997,2001,2005,2009,2012,2015,2019,2021,2024,2027,2029,2031,2034,2036,2039,2041,2044,2047,2049,2052,2054,2057,2059,2061,2064,2066,2068,2071,2073,2075,2077,2079,2081,2083,2086,2088,2090,2093,2096,2099,2103,2107,2111,2116,2120,2125,2129,2133,2138,2142,2147,2151,2155,2158,2162,2166,2170,2175,2180,2186,2191,2196,2202,2208,2213,2219,2224,2230
394312,"Albuquerque, NM",59,959,961,962,963,965,966,968,969,971,972,974,976,978,980,982,984,986,988,990,992,994,996,998,1000,1002,1004,1005,1007,1009,1011,1012,1014,1016,1018,1019,1021,1022,1024,1026,1027,1029,1031,1033,1035,1037,1040,1042,1044,1046,1049,1051,1054,1057,1059,1062,1065,1068,1071,1074,1078,1081,1085,1089,1094,1098,1103,1107,1112,1117,1121,1125,1128,1132,1135,1139,1142,1146,1149,1152,1155
394308,"Albany, NY",60,1129,1131,1134,1137,1139,1141,1143,1146,1148,1150,1152,1154,1155,1155,1155,1156,1157,1158,1159,1162,1165,1167,1170,1173,1176,1179,1182,1185,1188,1192,1196,1199,1203,1206,1209,1212,1215,1218,1220,1223,1224,1225,1225,1227,1228,1229,1232,1235,1238,1242,1246,1250,1254,1258,1262,1264,1266,1268,1270,1271,1272,1273,1274,1274,1276,1278,1279,1282,1286,1289,1291,1294,1297,1299,1302,1305,1308,1311,1313,1316
394938,"Omaha, NE",61,963,966,969,971,974,977,980,983,986,989,993,996,1000,1003,1007,1010,1013,1016,1018,1021,1023,1025,1027,1030,1032,1035,1038,1041,1044,1047,1050,1053,1056,1058,1061,1064,1067,1069,1071,1074,1075,1077,1079,1080,1082,1084,1086,1087,1089,1091,1094,1096,1099,1103,1106,1109,1112,1115,1119,1122,1125,1128,1132,1135,1138,1141,1144,1148,1152,1156,1160,1164,1169,1173,1178,1182,1187,1191,1196,1201
394908,"New Haven, CT",62,1231,1234,1238,1241,1244,1247,1250,1253,1256,1259,1261,1263,1266,1267,1269,1271,1273,1276,1278,1281,1284,1287,1290,1293,1296,1298,1301,1304,1306,1308,1310,1312,1314,1315,1316,1318,1319,1321,1322,1324,1326,1329,1331,1333,1336,1339,1341,1344,1347,1350,1353,1356,1359,1362,1365,1368,1370,1373,1375,1378,1380,1382,1384,1385,1388,1391,1393,1397,1401,1405,1410,1415,1420,1426,1431,1436,1441,1447,1452,1457
394357,"Bakersfield, CA",63,1000,1003,1006,1009,1012,1015,1018,1021,1024,1028,1030,1033,1035,1037,1039,1042,1043,1045,1047,1048,1049,1050,1051,1053,1054,1056,1059,1061,1063,1066,1068,1071,1074,1076,1079,1081,1084,1086,1088,1090,1093,1095,1098,1101,1104,1107,1111,1114,1118,1123,1127,1131,1136,1140,1145,1150,1155,1160,1165,1169,1174,1179,1183,1188,1193,1198,1202,1207,1212,1216,1221,1226,1230,1235,1240,1245,1250,1255,1260,1265
394753,"Knoxville, TN",64,1002,1005,1008,1011,1014,1017,1020,1023,1026,1029,1031,1034,1037,1039,1041,1042,1043,1045,1046,1047,1048,1049,1051,1053,1056,1059,1062,1065,1069,1072,1076,1080,1084,1089,1093,1097,1100,1105,1109,1113,1117,1121,1125,1128,1131,1134,1137,1141,1144,1148,1153,1157,1162,1168,1173,1179,1185,1191,1197,1202,1207,1211,1215,1219,1223,1227,1231,1235,1239,1243,1247,1250,1253,1257,1261,1264,1268,1271,1275,1278
394653,"Greenville, SC",65,976,980,984,987,991,994,998,1002,1005,1009,1012,1015,1019,1023,1026,1030,1035,1039,1043,1048,1053,1058,1063,1068,1072,1076,1080,1083,1086,1089,1092,1094,1096,1098,1100,1102,1104,1106,1108,1111,1113,1116,1118,1121,1124,1127,1130,1133,1137,1140,1144,1147,1151,1154,1158,1161,1164,1167,1170,1173,1176,1179,1182,1186,1189,1193,1196,1199,1203,1206,1207,1209,1210,1211,1212,1213,1214,1215,1216,1217
394952,"Ventura, CA",66,2019,2029,2039,2048,2058,2068,2078,2088,2097,2107,2117,2127,2137,2147,2156,2166,2173,2181,2189,2197,2206,2214,2224,2233,2243,2253,2262,2272,2281,2290,2299,2309,2319,2329,2337,2345,2353,2360,2367,2374,2382,2390,2398,2405,2413,2421,2429,2438,2447,2458,2469,2480,2491,2501,2512,2520,2529,2537,2544,2552,2559,2564,2569,2574,2579,2584,2589,2594,2600,2605,2608,2612,2616,2619,2623,2627,2631,2635,2638,2642
394318,"Allentown, PA",67,1122,1125,1128,1130,1133,1136,1139,1141,1144,1147,1150,1152,1155,1158,1161,1164,1168,1171,1175,1178,1182,1186,1190,1193,1197,1199,1202,1205,1207,1209,1211,1213,1215,1218,1220,1223,1226,1229,1233,1237,1240,1244,1248,1251,1254,1258,1261,1264,1267,1269,1272,1275,1279,1282,1286,1290,1294,1298,1302,1306,1310,1315,1319,1323,1327,1331,1335,1339,1343,1347,1350,1354,1357,1361,1364,1368,1371,1375,1378,1382
394561,"El Paso, TX",68,1070,1070,1070,1069,1069,1069,1069,1069,1069,1069,1069,1068,1068,1069,1069,1069,1069,1070,1070,1071,1071,1072,1073,1073,1074,1075,1075,1076,1077,1077,1078,1078,1077,1077,1076,1076,1075,1075,1074,1073,1073,1073,1072,1073,1073,1073,1074,1075,1076,1077,1078,1079,1081,1082,1084,1085,1087,1089,1091,1092,1094,1097,1100,1102,1106,1109,1112,1116,1120,1124,1128,1133,1137,1142,1146,1151,1155,1160,1164,1169
394367,"Baton Rouge, LA",69,1088,1093,1098,1103,1107,1112,1117,1122,1127,1131,1135,1140,1144,1147,1150,1153,1156,1159,1162,1165,1168,1171,1173,1176,1178,1181,1185,1188,1192,1196,1201,1205,1208,1212,1215,1217,1220,1220,1221,1221,1220,1219,1218,1216,1215,1214,1213,1212,1212,1212,1211,1211,1211,1211,1210,1210,1210,1210,1210,1210,1210,1209,1209,1209,1208,1207,1206,1205,1204,1203,1203,1204,1204,1205,1206,1206,1208,1209,1210,1211
394521,"Dayton, OH",70,,801,801,802,803,804,805,806,807,808,809,810,812,813,815,817,819,822,825,827,830,833,836,838,841,843,846,848,850,852,855,857,859,861,863,866,868,870,872,875,877,880,883,886,888,891,894,897,900,903,906,909,912,915,917,919,922,925,928,931,934,937,941,944,948,952,956,960,964,968,972,976,980,984,988,992,996,1000,1004,1008
394486,"Columbia, SC",72,,986,989,992,994,996,999,1001,1003,1005,1007,1007,1007,1007,1006,1004,1003,1003,1004,1004,1006,1008,1010,1012,1014,1016,1018,1020,1022,1024,1026,1027,1029,1030,1032,1034,1035,1037,1039,1041,1043,1046,1048,1051,1054,1057,1061,1064,1068,1071,1075,1079,1083,1086,1090,1094,1097,1100,1104,1108,1111,1115,1118,1122,1125,1129,1133,1136,1140,1144,1148,1152,1156,1160,1164,1168,1172,1176,1180,1184
394648,"Greensboro, NC",73,1001,1005,1008,1011,1015,1018,1021,1024,1027,1030,1033,1036,1039,1042,1044,1046,1047,1048,1049,1050,1052,1053,1054,1055,1057,1059,1061,1064,1067,1071,1075,1080,1084,1088,1091,1095,1098,1101,1104,1106,1108,1111,1113,1114,1116,1118,1120,1122,1125,1127,1130,1132,1136,1140,1143,1148,1152,1156,1162,1167,1172,1177,1182,1188,1192,1197,1202,1206,1211,1215,1219,1222,1226,1229,1232,1236,1239,1243,1246,1249
394304,"Akron, OH",74,723,726,728,730,732,735,737,739,741,744,746,749,751,753,754,756,758,759,761,762,764,765,766,767,768,770,771,773,774,776,778,780,781,783,786,788,790,792,794,795,797,798,800,802,803,805,806,806,807,808,809,810,811,812,813,814,815,816,818,819,821,824,826,828,831,834,836,839,842,845,849,852,855,858,861,864,867,871,874,877
753906,"North Port-Sarasota-Bradenton, FL",75,1378,1385,1392,1399,1406,1413,1420,1428,1435,1442,1449,1456,1463,1471,1479,1486,1493,1500,1507,1512,1517,1522,1526,1531,1535,1538,1541,1545,1548,1552,1556,1560,1564,1568,1571,1574,1577,1579,1582,1584,1586,1587,1589,1592,1595,1598,1603,1608,1612,1618,1624,1630,1636,1641,1646,1649,1653,1657,1660,1662,1665,1669,1672,1675,1680,1684,1688,1693,1697,1701,1706,1710,1715,1719,1724,1728,1733,1737,1742,1746
394798,"Little Rock, AR",76,837,837,836,835,835,834,833,833,832,832,832,832,832,833,834,835,836,837,838,839,840,841,841,842,843,843,844,845,846,847,849,850,851,853,854,855,856,857,857,858,859,859,860,861,861,862,862,863,863,864,865,866,868,869,871,872,874,875,877,879,881,883,884,886,887,888,890,891,893,895,897,900,902,905,907,910,912,915,918,920
395134,"Stockton, CA",77,1268,1275,1283,1291,1298,1305,1313,1320,1327,1335,1342,1348,1355,1363,1370,1378,1385,1393,1401,1410,1419,1429,1438,1448,1457,1467,1477,1487,1498,1508,1519,1530,1541,1551,1562,1573,1583,1594,1604,1615,1624,1633,1643,1651,1659,1667,1675,1682,1690,1697,1704,1711,1718,1725,1731,1739,1746,1754,1762,1770,1778,1786,1794,1803,1812,1821,1831,1840,1850,1860,1867,1875,1882,1890,1898,1906,1913,1921,1928,1935
394457,"Charleston, SC",78,1223,1230,1237,1244,1251,1257,1264,1271,1278,1285,1292,1299,1306,1313,1320,1326,1332,1338,1344,1349,1355,1360,1366,1371,1377,1382,1387,1392,1397,1402,1406,1411,1416,1421,1425,1429,1433,1437,1441,1444,1448,1452,1456,1460,1464,1467,1471,1474,1477,1480,1483,1487,1489,1491,1493,1494,1496,1498,1500,1503,1505,1508,1511,1514,1518,1522,1525,1529,1532,1535,1537,1538,1539,1541,1543,1544,1545,1547,1548,1549
395143,"Syracuse, NY",79,861,865,868,871,874,877,880,883,886,888,891,893,895,896,897,898,901,903,905,909,912,916,919,922,925,926,928,929,930,931,933,935,937,939,942,944,947,951,955,958,962,966,970,973,976,979,982,985,988,991,993,995,997,998,999,999,999,999,999,1000,1001,1004,1007,1010,1014,1019,1023,1027,1032,1036,1041,1045,1050,1054,1059,1064,1068,1073,1077,1082
394484,"Colorado Springs, CO",80,1103,1110,1116,1122,1128,1135,1141,1147,1153,1159,1165,1170,1176,1181,1187,1192,1197,1203,1208,1214,1220,1226,1232,1239,1246,1253,1260,1268,1276,1283,1291,1299,1306,1314,1321,1328,1335,1342,1349,1356,1362,1369,1376,1382,1389,1395,1401,1408,1414,1419,1425,1431,1436,1441,1447,1452,1458,1464,1470,1476,1482,1489,1495,1501,1508,1515,1522,1529,1535,1542,1548,1554,1560,1566,1572,1579,1585,1591,1597,1603
395235,"Winston-Salem, NC",81,1028,1029,1031,1032,1034,1036,1037,1039,1041,1042,1044,1045,1047,1049,1052,1054,1056,1059,1061,1064,1066,1069,1071,1074,1076,1078,1080,1082,1084,1087,1089,1091,1094,1096,1099,1101,1104,1107,1109,1112,1115,1118,1121,1124,1127,1130,1133,1137,1140,1143,1146,1150,1153,1157,1161,1165,1169,1173,1178,1182,1187,1192,1197,1202,1207,1211,1216,1220,1225,1229,1232,1236,1239,1243,1246,1250,1254,1257,1261,1264
395224,"Wichita, KS",82,744,748,752,755,759,763,766,769,773,776,778,779,781,781,781,781,781,781,781,782,782,783,784,785,787,787,788,788,788,788,788,788,788,787,787,786,786,786,786,786,786,786,786,787,787,787,788,788,789,790,791,792,793,794,795,796,797,798,799,800,801,802,803,805,806,807,809,810,812,814,815,817,819,821,823,825,827,829,831,833
395115,"Springfield, MA",83,1208,1209,1211,1213,1215,1216,1218,1219,1221,1222,1223,1224,1225,1227,1229,1231,1234,1236,1239,1243,1247,1251,1256,1261,1266,1269,1273,1277,1279,1282,1284,1286,1287,1289,1290,1291,1292,1293,1295,1297,1300,1303,1307,1311,1315,1319,1322,1325,1328,1331,1334,1337,1339,1342,1344,1346,1348,1350,1354,1357,1360,1364,1367,1371,1375,1378,1382,1385,1389,1392,1394,1397,1399,1402,1404,1406,1409,1411,1413,1416
394440,"Fort Myers, FL",84,1090,1099,1108,1118,1127,1137,1146,1156,1166,1176,1187,1198,1209,1221,1233,1245,1257,1269,1281,1291,1302,1312,1320,1329,1337,1344,1350,1356,1361,1367,1372,1376,1380,1385,1388,1391,1394,1397,1400,1404,1407,1411,1415,1419,1423,1427,1431,1435,1439,1443,1447,1451,1454,1457,1461,1464,1468,1472,1476,1480,1484,1488,1492,1496,1499,1502,1505,1508,1511,1514,1517,1520,1524,1527,1530,1533,1537,1540,1544,1547
394399,"Boise City, ID",85,870,875,879,884,888,893,897,901,906,910,915,919,923,927,931,935,939,944,948,952,957,961,967,972,977,983,989,995,1000,1006,1011,1017,1022,1028,1033,1038,1043,1049,1055,1060,1066,1072,1078,1084,1090,1096,1103,1110,1117,1125,1133,1140,1148,1156,1164,1172,1180,1188,1196,1203,1211,1217,1223,1229,1235,1240,1245,1251,1256,1261,1265,1270,1274,1278,1283,1287,1292,1297,1301,1306
395160,"Toledo, OH",86,710,715,,725,730,734,739,743,747,752,754,756,759,760,761,762,764,766,767,769,772,774,777,780,783,786,788,791,793,794,796,798,800,801,803,804,805,806,808,809,810,812,813,815,817,818,821,823,825,827,829,830,832,833,835,837,839,841,843,846,848,851,854,857,859,860,862,863,864,865,867,869,871,874,876,878,881,884,886,889
394816,"Madison, WI",87,1145,1146,1147,1147,1148,1149,1150,1151,1152,1153,1156,1158,1161,1164,1167,1171,1175,1178,1182,1187,1191,1195,1199,1203,1207,1210,1214,1217,1220,1223,1226,1228,1231,1233,1235,1236,1238,1240,1242,1244,1246,1249,1251,1253,1255,1257,1259,1261,1264,1266,1268,1270,1272,1275,1277,1280,1283,1286,1289,1291,1294,1296,1299,1301,1303,1305,1307,1310,1312,1315,1317,1320,1322,1325,1327,1330,1332,1335,1337,1340
394766,"Lakeland, FL",88,1069,1070,1070,1071,1072,1073,1073,1074,1075,1076,1078,1080,1082,1086,1090,1094,1098,1102,1107,1111,1116,1121,1125,1129,1134,1138,1143,1147,1152,1157,1162,1166,1171,1175,1179,1183,1188,1191,1195,1199,1203,1207,1211,1216,1221,1227,1233,1240,1247,1254,1262,1269,1276,1283,1290,1297,1303,1309,1314,1319,1324,1328,1332,1337,1341,1346,1350,1355,1360,1364,1370,1375,1381,1386,1391,1397,1402,1408,1413,1419
394931,"Ogden, UT",89,956,961,966,971,976,981,986,991,996,1002,1007,1012,1018,1022,1026,1030,1033,1037,1040,1043,1046,1048,1052,1055,1058,1063,1069,1074,1081,1087,1093,1100,1106,1112,1118,1124,1130,1134,1138,1142,1145,1148,1151,1155,1159,1162,1167,1172,1177,1182,1188,1194,1200,1207,1214,1221,1227,1234,1240,1246,1251,1257,1262,1267,1272,1277,1282,1287,1291,1296,1301,1305,1310,1315,1320,1324,1329,1334,1339,1344
394528,"Daytona Beach, FL",90,1026,1030,1035,1039,1043,1047,1052,1056,1061,1065,1070,1075,1080,1086,1093,1099,1105,1112,1118,1123,1129,1135,1140,1146,1151,1157,1163,1168,1174,1180,1186,1192,1197,1203,1208,1214,1219,1225,1230,1236,1241,1246,1251,1258,1264,1270,1277,1284,1290,1296,1302,1307,1313,1318,1323,1329,1334,1339,1344,1348,1353,1357,1362,1366,1371,1376,1381,1385,1390,1395,1400,1406,1412,1417,1423,1428,1434,1440,1445,1451
394531,"Des Moines, IA",91,954,960,967,973,979,984,990,996,1001,1007,1011,1014,1018,1019,1019,1020,1018,1017,1016,1016,1015,1014,1015,1015,1016,1018,1019,1021,1023,1025,1027,1028,1030,1032,1034,1036,1038,1039,1041,1043,1044,1045,1046,1046,1047,1047,1049,1050,1051,1052,1054,1055,1056,1058,1059,1060,1061,1062,1063,1063,1064,1065,1066,1067,1069,1071,1073,1075,1077,1080,1081,1083,1085,1086,1088,1090,1091,1093,1094,1096
394711,"Jackson, MS",92,1058,1064,1069,1075,1080,1085,1089,1094,1099,1104,1107,1110,1113,1114,1116,1117,1119,1121,1122,1125,1128,1131,1133,1135,1138,1139,1141,1143,1144,1145,1146,1147,1147,1147,1147,1147,1147,1147,1147,1147,1148,1148,1148,1149,1150,1151,1152,1153,1153,1154,1155,1156,1156,1157,1158,1159,1159,1160,1162,1163,1164,1166,1168,1169,1171,1172,1174,1176,1178,1180,1182,1184,1186,1189,1191,1193,1196,1198,1200,1203
395245,"Youngstown, OH",93,601,602,602,603,603,604,605,605,605,606,607,607,608,609,611,612,613,613,614,616,617,618,619,620,621,622,622,623,624,625,626,627,628,630,631,632,633,634,636,637,638,639,640,641,642,643,644,645,646,648,649,651,653,656,658,661,663,665,667,669,671,672,673,674,675,676,676,677,679,680,682,684,686,689,691,693,696,698,700,703
394352,"Augusta, GA",94,,966,967,968,968,970,971,972,973,974,975,977,979,981,983,985,987,989,990,992,994,996,998,1000,1001,1003,1005,1007,1008,1010,1012,1013,1015,1016,1018,1020,1021,1023,1025,1027,1030,1032,1035,1037,1040,1043,1045,1048,1050,1052,1054,1056,1058,1060,1062,1064,1066,1069,1071,1075,1078,1081,1085,1089,1093,1097,1100,1104,1107,1110,1113,1117,1120,1124,1128,1131,1135,1138,1142,1146
395075,"Scranton, PA",95,736,739,741,744,746,749,751,754,756,758,759,760,761,761,761,761,761,761,761,762,763,764,766,768,770,772,775,778,781,783,786,788,790,793,794,796,798,800,801,803,805,808,810,813,816,818,820,822,824,826,828,830,832,834,836,838,840,843,845,848,851,854,856,859,862,865,869,871,874,877,880,883,886,889,892,895,898,901,904,907
394666,"Harrisburg, PA",96,1004,1002,1000,998,996,995,993,992,991,989,990,991,992,996,999,1003,1007,1012,1016,1019,1023,1026,1029,1031,1034,1036,1038,1040,1042,1043,1044,1045,1046,1046,1047,1048,1048,1049,1050,1051,1053,1055,1056,1058,1060,1062,1064,1066,1068,1071,1074,1076,1080,1084,1088,1092,1095,1099,1103,1107,1111,1114,1118,1121,1124,1126,1129,1131,1133,1136,1137,1139,1141,1142,1144,1146,1147,1149,1150,1152
394957,"Melbourne, FL",97,975,981,987,993,999,1006,1012,1018,1025,1031,1038,1045,1052,1059,1067,1074,1081,1087,1093,1099,1105,1111,1118,1125,1132,1140,1148,1155,1163,1172,1180,1188,1196,1204,1211,1218,1225,1231,1237,1243,1249,1256,1262,1269,1277,1284,1292,1301,1309,1318,1327,1336,1344,1353,1361,1367,1374,1380,1384,1389,1394,1397,1401,1405,1409,1413,1417,1423,1429,1435,1441,1447,1453,1460,1466,1472,1478,1485,1491,1497
394460,"Chattanooga, TN",98,,949,955,961,966,972,978,983,989,994,1000,1005,1010,1015,1019,1024,1028,1032,1037,1041,1045,1049,1053,1057,1061,1066,1070,1074,1078,1082,1085,1088,1088,1089,1089,1088,1088,1087,1086,1086,1085,1087,1088,1089,1093,1097,1102,1107,1112,1117,1121,1126,1131,1135,1140,1144,1147,1150,1153,1157,1160,1163,1166,1169,1172,1175,1179,1182,1186,1189,1192,1196,1200,1204,1208,1212,1215,1219,1223,1227
395113,"Spokane, WA",99,857,857,,858,858,859,859,860,861,862,865,868,870,874,878,881,885,888,892,894,897,899,902,905,908,913,919,925,932,938,945,951,957,963,970,977,983,989,994,1000,1005,1009,1014,1019,1024,1030,1034,1038,1043,1047,1052,1056,1063,1069,1076,1082,1088,1094,1099,1105,1110,1113,1117,1120,1122,1124,1126,1130,1134,1138,1143,1148,1154,1159,1164,1169,1175,1180,1186,1192
395006,"Provo, UT",100,983,989,995,1001,1007,1013,1019,1025,1031,1037,1041,1046,1050,1054,1057,1061,1064,1068,1072,1076,1079,1083,1087,1092,1097,1103,1109,1115,1121,1126,1132,1138,1144,1151,1156,1162,1168,1172,1177,1181,1185,1189,1193,1197,1202,1206,1211,1215,1220,1225,1229,1234,1238,1243,1248,1252,1256,1260,1265,1269,1273,1278,1282,1286,1289,1292,1296,1298,1300,1303,1305,1307,1310,1312,1315,1317,1320,1322,1325,1327
394549,"Durham, NC",104,1186,1187,1188,1189,1190,1191,1192,1194,1196,1197,1199,1202,1204,1207,1211,1214,1219,1223,1228,1232,1237,1242,1247,1251,1256,1261,1266,1272,1277,1283,1289,1293,1297,1301,1304,1306,1309,1312,1314,1316,1319,1321,1323,1326,1329,1333,1336,1340,1343,1347,1350,1354,1357,1361,1365,1369,1373,1378,1383,1388,1393,1398,1403,1408,1413,1417,1422,1425,1428,1431,1431,1432,1433,1434,1435,1435,1436,1436,1437,1437
394995,"Port St. Lucie, FL",119,1155,1163,1171,1179,1186,1194,1202,1209,1217,1224,1231,1237,1244,1250,1256,1261,1268,1274,1280,1288,1296,1304,1314,1324,1333,1342,1351,1360,1366,1373,1379,1384,1390,1395,1400,1405,1410,1416,1421,1426,1431,1437,1443,1450,1457,1465,1473,1480,1488,1497,1505,1513,1521,1529,1537,1542,1547,1553,1556,1560,1564,1568,1572,1576,1581,1586,1592,1599,1606,1614,1620,1627,1634,1641,1648,1655,1661,1668,1675,1681
394602,"Fort Collins, CO",159,1250,1262,1274,1286,1297,1309,1321,1332,1343,1355,1364,1374,1384,1392,1400,1408,1413,1419,1425,1429,1434,1439,1444,1449,1454,1458,1462,1467,1470,1474,1477,1481,1484,1487,1489,1491,1493,1495,1497,1499,1502,1505,1508,1511,1514,1517,1521,1525,1529,1534,1539,1543,1548,1553,1557,1562,1567,1572,1576,1580,1585,1589,1592,1596,1600,1604,1608,1611,1613,1616,1618,1620,1622,1624,1626,1628,1630,1632,1634,1636
394405,"Boulder, CO",162,1531,1541,1551,1562,1572,1582,1592,1603,1614,1625,1636,1647,1658,1670,1682,1694,1708,1722,1736,1747,1759,1770,1779,1787,1796,1800,1805,1810,1812,1813,1815,1817,1818,1820,1822,1825,1828,1832,1836,1840,1846,1851,1857,1863,1868,1874,1879,1885,1890,1896,1902,1908,1912,1917,1921,1926,1930,1935,1940,1945,1950,1955,1959,1964,1970,1976,1982,1986,1990,1995,1995,1995,1995,1996,1996,1996,1996,1996,1995,1995
394645,"Greeley, CO",177,1285,1294,1303,1312,1320,1329,1338,1346,1355,1364,1373,1382,1391,1398,1406,1414,1422,1429,1437,1443,1449,1456,1462,1468,1473,1478,1483,1488,1491,1494,1498,1501,1504,1507,1511,1514,1518,1523,1529,1534,1540,1547,1553,1560,1567,1573,1580,1586,1593,1598,1603,1609,1614,1620,1625,1632,1638,1645,1650,1655,1660,1664,1668,1672,1675,1677,1680,1682,1683,1685,1687,1688,1690,1692,1694,1696,1698,1701,1703,1705
394623,"Gainesville, GA",229,984,988,993,997,1002,1007,1012,1017,1022,1026,1031,1036,1041,1047,1053,1059,1066,1072,1078,1083,1087,1092,1098,1103,1109,1115,1121,1128,1133,1139,1145,1151,1157,1163,1169,1176,1182,1188,1195,1201,1207,1213,1218,1223,1228,1234,1238,1242,1246,1250,1254,1258,1265,1271,1277,1285,1293,1300,1307,1314,1320,1327,1333,1340,1345,1350,1356,1359,1362,1366,1368,1370,1372,1374,1376,1378,1380,1382,1384,1386
